First Name [Required],Last Name [Required],Email Address [Required],Password [Required]
fnbo,nekpiv,norepkimpetz-trosxt-2514625213@bsydneyaustralia.com,11111111
hmuw,iuxtrd,norepkimpetz-trwsat-1505412293@bsydneyaustralia.com,11111111
xfnm,jjmlwc,norepkimpetz-taxaxt-5554362253@bsydneyaustralia.com,11111111
pgbl,rvluqx,norepkimpetz-trweat-2487434693@bsydneyaustralia.com,11111111
zsru,nzcvmw,norepkimpetz-shdsxt-3370126793@bsydneyaustralia.com,11111111
bona,zhrumr,norepkimpetz-llsaxt-6771786793@bsydneyaustralia.com,11111111
oohc,vgzgdp,norepkimpetz-nshyxt-4564348393@bsydneyaustralia.com,11111111
vljy,hhllhw,norepkimpetz-bxgtat-9607851093@bsydneyaustralia.com,11111111
pnok,tbwxka,norepkimpetz-wwrest-0793034393@bsydneyaustralia.com,11111111
ltor,vgiexz,norepkimpetz-smhzxt-2169267593@bsydneyaustralia.com,11111111
lduu,agbyhd,norepkimpetz-ksbzyt-3511752593@bsydneyaustralia.com,11111111
weim,ouluuv,norepkimpetz-alisxt-9660989693@bsydneyaustralia.com,11111111
mxmq,btengf,norepkimpetz-slonaw-5341123893@bsydneyaustralia.com,11111111
uwwx,gifpmk,norepkimpetz-wertat-6236760493@bsydneyaustralia.com,11111111
ylxw,vhkmce,norepkimpetz-sxcvdt-5448568693@bsydneyaustralia.com,11111111